{"stats":{"minecraft:mined":{"minecraft:grass_block":4,"minecraft:short_grass":1,"minecraft:spruce_leaves":1},"minecraft:used":{"minecraft:dirt":4},"minecraft:custom":{"minecraft:jump":21,"minecraft:time_since_rest":1848,"minecraft:damage_dealt":400,"minecraft:crouch_one_cm":471,"minecraft:sprint_one_cm":5169,"minecraft:play_time":1848,"minecraft:time_since_death":1848,"minecraft:walk_one_cm":7553,"minecraft:sneak_time":252,"minecraft:total_world_time":1848,"minecraft:mob_kills":5,"minecraft:fly_one_cm":111,"minecraft:leave_game":1},"minecraft:picked_up":{"minecraft:gray_wool":1,"minecraft:black_wool":1,"minecraft:mutton":5,"minecraft:dirt":4,"minecraft:white_wool":3},"minecraft:killed":{"minecraft:sheep":5}},"DataVersion":3953}